"Data Source","World Development Indicators",

"Last Updated Date","2025-10-07",

"Country Name","Country Code","Indicator Name","Indicator Code","1960","1961","1962","1963","1964","1965","1966","1967","1968","1969","1970","1971","1972","1973","1974","1975","1976","1977","1978","1979","1980","1981","1982","1983","1984","1985","1986","1987","1988","1989","1990","1991","1992","1993","1994","1995","1996","1997","1998","1999","2000","2001","2002","2003","2004","2005","2006","2007","2008","2009","2010","2011","2012","2013","2014","2015","2016","2017","2018","2019","2020","2021","2022","2023","2024",
"Aruba","ABW","International migrant stock, total","SM.POP.TOTL","","","","","","","","","","","","","","","","","","","","","","","","","","","","","","","14444","","","","","22274","","","","","30104","","","","","32540","","","","","34328","","","","","36114","","","","","53593","","","","73494",
"Africa Eastern and Southern","AFE","International migrant stock, total","SM.POP.TOTL","","","","","","","","","","","","","","","","","","","","","","","","","","","","","","","9866398","","","","","9277398","","","","","7841279","","","","","7851999","","","","","8185883","","","","","11457566","","","","","13059376","","","","14970184",
"Afghanistan","AFG","International migrant stock, total","SM.POP.TOTL","","","","","","","","","","","","","","","","","","","","","","","","","","","","","","","57686","","","","","71522","","","","","75917","","","","","87314","","","","","102276","","","","","339432","","","","","144098","","","","98110",
"Africa Western and Central","AFW","International migrant stock, total","SM.POP.TOTL","","","","","","","","","","","","","","","","","","","","","","","","","","","","","","","5144370","","","","","6150843","","","","","6235142","","","","","7273041","","","","","7921501","","","","","9240994","","","","","9997182","","","","11327779",
"Angola","AGO","International migrant stock, total","SM.POP.TOTL","","","","","","","","","","","","","","","","","","","","","","","","","","","","","","","33517","","","","","39813","","","","","46108","","","","","62331","","","","","336367","","","","","632178","","","","","656434","","","","676507",
"Albania","ALB","International migrant stock, total","SM.POP.TOTL","","","","","","","","","","","","","","","","","","","","","","","","","","","","","","","66013","","","","","71354","","","","","76695","","","","","64739","","","","","52784","","","","","52031","","","","","48810","","","","46377",
"Andorra","AND","International migrant stock, total","SM.POP.TOTL","","","","","","","","","","","","","","","","","","","","","","","","","","","","","","","38891","","","","","44206","","","","","42147","","","","","50298","","","","","52053","","","","","42264","","","","","45574","","","","48408",
"Arab World","ARB","International migrant stock, total","SM.POP.TOTL","","","","","","","","","","","","","","","","","","","","","","","","","","","","","","","13621324","","","","","14366026","","","","","15836887","","","","","18997733","","","","","28174387","","","","","37971563","","","","","40035123","","","","44540617",
"United Arab Emirates","ARE","International migrant stock, total","SM.POP.TOTL","","","","","","","","","","","","","","","","","","","","","","","","","","","","","","","1302298","","","","","1795514","","","","","2373577","","","","","3218730","","","","","5446000","","","","","6859000","","","","","7184000","","","","8157000",
"Argentina","ARG","International migrant stock, total","SM.POP.TOTL","","","","","","","","","","","","","","","","","","","","","","","","","","","","","","","1647935","","","","","1589660","","","","","1543851","","","","","1641560","","","","","1799680","","","","","1856613","","","","","1912294","","","","1958039",
"Armenia","ARM","International migrant stock, total","SM.POP.TOTL","","","","","","","","","","","","","","","","","","","","","","","","","","","","","","","433541","","","","","622042","","","","","588242","","","","","476812","","","","","210873","","","","","190896","","","","","207139","","","","274645",
"American Samoa","ASM","International migrant stock, total","SM.POP.TOTL","","","","","","","","","","","","","","","","","","","","","","","","","","","","","","","21283","","","","","23098","","","","","24912","","","","","24233","","","","","23555","","","","","23513","","","","","23608","","","","23684",
"Antigua and Barbuda","ATG","International migrant stock, total","SM.POP.TOTL","","","","","","","","","","","","","","","","","","","","","","","","","","","","","","","12029","","","","","17550","","","","","23071","","","","","24741","","","","","26412","","","","","28082","","","","","29386","","","","30473",
"Australia","AUS","International migrant stock, total","SM.POP.TOTL","","","","","","","","","","","","","","","","","","","","","","","","","","","","","","","3991501","","","","","4215646","","","","","4389847","","","","","4880921","","","","","5879802","","","","","6733056","","","","","7604850","","","","8111404",
"Austria","AUT","International migrant stock, total","SM.POP.TOTL","","","","","","","","","","","","","","","","","","","","","","","","","","","","","","","633753","","","","","764758","","","","","920045","","","","","1174101","","","","","1285706","","","","","1540486","","","","","1781046","","","","2327064",
"Azerbaijan","AZE","International migrant stock, total","SM.POP.TOTL","","","","","","","","","","","","","","","","","","","","","","","","","","","","","","","402177","","","","","588812","","","","","523518","","","","","301922","","","","","251417","","","","","224337","","","","","198894","","","","218460",
"Burundi","BDI","International migrant stock, total","SM.POP.TOTL","","","","","","","","","","","","","","","","","","","","","","","","","","","","","","","333110","","","","","254853","","","","","125628","","","","","192774","","","","","247321","","","","","298299","","","","","344767","","","","387101",
"Belgium","BEL","International migrant stock, total","SM.POP.TOTL","","","","","","","","","","","","","","","","","","","","","","","","","","","","","","","944340","","","","","1003834","","","","","1076676","","","","","1243352","","","","","1567639","","","","","1814949","","","","","2046975","","","","2349032",
"Benin","BEN","International migrant stock, total","SM.POP.TOTL","","","","","","","","","","","","","","","","","","","","","","","","","","","","","","","76751","","","","","105703","","","","","134655","","","","","248320","","","","","309225","","","","","366284","","","","","394276","","","","418202",
"Burkina Faso","BFA","International migrant stock, total","SM.POP.TOTL","","","","","","","","","","","","","","","","","","","","","","","","","","","","","","","349652","","","","","464104","","","","","520363","","","","","597658","","","","","674438","","","","","704676","","","","","723989","","","","739820",
"Bangladesh","BGD","International migrant stock, total","SM.POP.TOTL","","","","","","","","","","","","","","","","","","","","","","","","","","","","","","","881617","","","","","934735","","","","","987853","","","","","1062270","","","","","1345546","","","","","1422179","","","","","2115408","","","","2906338",
"Bulgaria","BGR","International migrant stock, total","SM.POP.TOTL","","","","","","","","","","","","","","","","","","","","","","","","","","","","","","","21510","","","","","32435","","","","","43360","","","","","61074","","","","","76287","","","","","123803","","","","","184363","","","","299100",
"Bahrain","BHR","International migrant stock, total","SM.POP.TOTL","","","","","","","","","","","","","","","","","","","","","","","","","","","","","","","176972","","","","","213818","","","","","238924","","","","","387591","","","","","643007","","","","","721540","","","","","785983","","","","840202",
"Bahamas, The","BHS","International migrant stock, total","SM.POP.TOTL","","","","","","","","","","","","","","","","","","","","","","","","","","","","","","","26855","","","","","31654","","","","","36454","","","","","45531","","","","","54745","","","","","59241","","","","","63583","","","","67285",
"Bosnia and Herzegovina","BIH","International migrant stock, total","SM.POP.TOTL","","","","","","","","","","","","","","","","","","","","","","","","","","","","","","","56000","","","","","69476","","","","","82952","","","","","47287","","","","","38945","","","","","38597","","","","","36042","","","","34120",
"Belarus","BLR","International migrant stock, total","SM.POP.TOTL","","","","","","","","","","","","","","","","","","","","","","","","","","","","","","","1248977","","","","","1186282","","","","","1123586","","","","","1106982","","","","","1090378","","","","","1082905","","","","","1067090","","","","1054604",
"Belize","BLZ","International migrant stock, total","SM.POP.TOTL","","","","","","","","","","","","","","","","","","","","","","","","","","","","","","","30404","","","","","33446","","","","","36488","","","","","41438","","","","","46390","","","","","54615","","","","","62043","","","","68706",
"Bermuda","BMU","International migrant stock, total","SM.POP.TOTL","","","","","","","","","","","","","","","","","","","","","","","","","","","","","","","15683","","","","","16676","","","","","17684","","","","","18108","","","","","18547","","","","","19212","","","","","19739","","","","20171",
"Bolivia","BOL","International migrant stock, total","SM.POP.TOTL","","","","","","","","","","","","","","","","","","","","","","","","","","","","","","","73758","","","","","83598","","","","","92658","","","","","107745","","","","","122846","","","","","143008","","","","","164121","","","","183234",
"Brazil","BRA","International migrant stock, total","SM.POP.TOTL","","","","","","","","","","","","","","","","","","","","","","","","","","","","","","","803218","","","","","732622","","","","","687362","","","","","641029","","","","","596859","","","","","646540","","","","","1048866","","","","1406299",
"Barbados","BRB","International migrant stock, total","SM.POP.TOTL","","","","","","","","","","","","","","","","","","","","","","","","","","","","","","","24024","","","","","26224","","","","","28424","","","","","30624","","","","","32825","","","","","34475","","","","","34869","","","","35187",
"Brunei Darussalam","BRN","International migrant stock, total","SM.POP.TOTL","","","","","","","","","","","","","","","","","","","","","","","","","","","","","","","73200","","","","","84748","","","","","96296","","","","","98441","","","","","100587","","","","","102733","","","","","111959","","","","119933",
"Bhutan","BTN","International migrant stock, total","SM.POP.TOTL","","","","","","","","","","","","","","","","","","","","","","","","","","","","","","","23807","","","","","27972","","","","","32137","","","","","40279","","","","","48420","","","","","51106","","","","","53612","","","","55705",
"Botswana","BWA","International migrant stock, total","SM.POP.TOTL","","","","","","","","","","","","","","","","","","","","","","","","","","","","","","","27510","","","","","40168","","","","","74934","","","","","84661","","","","","94863","","","","","103053","","","","","110268","","","","116402",
"Central African Republic","CAF","International migrant stock, total","SM.POP.TOTL","","","","","","","","","","","","","","","","","","","","","","","","","","","","","","","67234","","","","","99712","","","","","123529","","","","","96409","","","","","94685","","","","","81568","","","","","88546","","","","94556",
"Canada","CAN","International migrant stock, total","SM.POP.TOTL","","","","","","","","","","","","","","","","","","","","","","","","","","","","","","","4251056","","","","","4853738","","","","","5525404","","","","","6086976","","","","","7035001","","","","","8049874","","","","","8332892","","","","8805839",
"Central Europe and the Baltics","CEB","International migrant stock, total","SM.POP.TOTL","","","","","","","","","","","","","","","","","","","","","","","","","","","","","","","4146658","","","","","4028968","","","","","3746349","","","","","3701484","","","","","3668122","","","","","3756017","","","","","4113048","","","","6174999",
"Switzerland","CHE","International migrant stock, total","SM.POP.TOTL","","","","","","","","","","","","","","","","","","","","","","","","","","","","","","","1252320","","","","","1363586","","","","","1484514","","","","","1740312","","","","","2053953","","","","","2385713","","","","","2610189","","","","2773840",
"Channel Islands","CHI","International migrant stock, total","SM.POP.TOTL","","","","","","","","","","","","","","","","","","","","","","","","","","","","","","","61660","","","","","60519","","","","","64301","","","","","70941","","","","","77581","","","","","82307","","","","","84087","","","","85539",
"Chile","CHL","International migrant stock, total","SM.POP.TOTL","","","","","","","","","","","","","","","","","","","","","","","","","","","","","","","100133","","","","","125754","","","","","166608","","","","","241522","","","","","361531","","","","","598039","","","","","1476240","","","","1538324",
"China","CHN","International migrant stock, total","SM.POP.TOTL","","","","","","","","","","","","","","","","","","","","","","","","","","","","","","","518395","","","","","610608","","","","","720915","","","","","853360","","","","","1010008","","","","","1196007","","","","","1415116","","","","1638718",
"Cote d'Ivoire","CIV","International migrant stock, total","SM.POP.TOTL","","","","","","","","","","","","","","","","","","","","","","","","","","","","","","","1822374","","","","","1992981","","","","","2157339","","","","","2308068","","","","","2458796","","","","","2609525","","","","","2760255","","","","2880839",
"Cameroon","CMR","International migrant stock, total","SM.POP.TOTL","","","","","","","","","","","","","","","","","","","","","","","","","","","","","","","265967","","","","","244791","","","","","227242","","","","","265503","","","","","291474","","","","","508346","","","","","579209","","","","642948",
"Congo, Dem. Rep.","COD","International migrant stock, total","SM.POP.TOTL","","","","","","","","","","","","","","","","","","","","","","","","","","","","","","","754194","","","","","1816963","","","","","744387","","","","","623009","","","","","589882","","","","","810018","","","","","952871","","","","1085090",
"Congo, Rep.","COG","International migrant stock, total","SM.POP.TOTL","","","","","","","","","","","","","","","","","","","","","","","","","","","","","","","129391","","","","","191635","","","","","305880","","","","","318724","","","","","425173","","","","","390142","","","","","387606","","","","385589",
"Colombia","COL","International migrant stock, total","SM.POP.TOTL","","","","","","","","","","","","","","","","","","","","","","","","","","","","","","","100672","","","","","109550","","","","","109863","","","","","110495","","","","","126424","","","","","145504","","","","","1932807","","","","3063518",
"Comoros","COM","International migrant stock, total","SM.POP.TOTL","","","","","","","","","","","","","","","","","","","","","","","","","","","","","","","14079","","","","","13939","","","","","13799","","","","","13209","","","","","12618","","","","","12555","","","","","12496","","","","12449",
"Cabo Verde","CPV","International migrant stock, total","SM.POP.TOTL","","","","","","","","","","","","","","","","","","","","","","","","","","","","","","","8931","","","","","9979","","","","","11027","","","","","12700","","","","","14373","","","","","14924","","","","","15788","","","","16515",
"Costa Rica","CRI","International migrant stock, total","SM.POP.TOTL","","","","","","","","","","","","","","","","","","","","","","","","","","","","","","","417628","","","","","364287","","","","","310946","","","","","358398","","","","","405779","","","","","411697","","","","","520729","","","","628404",
"Caribbean small states","CSS","International migrant stock, total","SM.POP.TOTL","","","","","","","","","","","","","","","","","","","","","","","","","","","","","","","185423","","","","","207743","","","","","232903","","","","","264279","","","","","292447","","","","","314125","","","","","383998","","","","457843",
"Cuba","CUB","International migrant stock, total","SM.POP.TOTL","","","","","","","","","","","","","","","","","","","","","","","","","","","","","","","34555","","","","","26187","","","","","18545","","","","","11693","","","","","7373","","","","","4649","","","","","3024","","","","2144",
"Curacao","CUW","International migrant stock, total","SM.POP.TOTL","","","","","","","","","","","","","","","","","","","","","","","","","","","","","","","43150","","","","","43150","","","","","43150","","","","","43150","","","","","34630","","","","","37611","","","","","57210","","","","80020",
"Cayman Islands","CYM","International migrant stock, total","SM.POP.TOTL","","","","","","","","","","","","","","","","","","","","","","","","","","","","","","","9315","","","","","12666","","","","","19176","","","","","20679","","","","","24062","","","","","26193","","","","","29242","","","","31935",
"Cyprus","CYP","International migrant stock, total","SM.POP.TOTL","","","","","","","","","","","","","","","","","","","","","","","","","","","","","","","43805","","","","","61941","","","","","80076","","","","","122849","","","","","188472","","","","","176693","","","","","190366","","","","202062",
"Czechia","CZE","International migrant stock, total","SM.POP.TOTL","","","","","","","","","","","","","","","","","","","","","","","","","","","","","","","442428","","","","","531039","","","","","639018","","","","","670689","","","","","692197","","","","","688047","","","","","680221","","","","1025199",
"Germany","DEU","International migrant stock, total","SM.POP.TOTL","","","","","","","","","","","","","","","","","","","","","","","","","","","","","","","6960112","","","","","9637208","","","","","10397459","","","","","11210590","","","","","11665950","","","","","12646813","","","","","15021300","","","","16750084",
"Djibouti","DJI","International migrant stock, total","SM.POP.TOTL","","","","","","","","","","","","","","","","","","","","","","","","","","","","","","","122221","","","","","99774","","","","","100507","","","","","92110","","","","","102307","","","","","112351","","","","","119738","","","","125996",
"Dominica","DMA","International migrant stock, total","SM.POP.TOTL","","","","","","","","","","","","","","","","","","","","","","","","","","","","","","","2519","","","","","3121","","","","","3723","","","","","4744","","","","","8110","","","","","8093","","","","","8284","","","","8440",
"Denmark","DNK","International migrant stock, total","SM.POP.TOTL","","","","","","","","","","","","","","","","","","","","","","","","","","","","","","","235918","","","","","298278","","","","","372128","","","","","423167","","","","","509751","","","","","616741","","","","","718856","","","","847475",
"Dominican Republic","DOM","International migrant stock, total","SM.POP.TOTL","","","","","","","","","","","","","","","","","","","","","","","","","","","","","","","291151","","","","","323381","","","","","355611","","","","","375417","","","","","395479","","","","","549289","","","","","603794","","","","738667",
"Algeria","DZA","International migrant stock, total","SM.POP.TOTL","","","","","","","","","","","","","","","","","","","","","","","","","","","","","","","273954","","","","","262032","","","","","250110","","","","","197728","","","","","217268","","","","","239473","","","","","250378","","","","259458",
"East Asia & Pacific (excluding high income)","EAP","International migrant stock, total","SM.POP.TOTL","","","","","","","","","","","","","","","","","","","","","","","","","","","","","","","2460797","","","","","2893950","","","","","4021042","","","","","5418652","","","","","7444435","","","","","8325687","","","","","9095373","","","","9848233",
"Early-demographic dividend","EAR","International migrant stock, total","SM.POP.TOTL","","","","","","","","","","","","","","","","","","","","","","","","","","","","","","","40983980","","","","","36804047","","","","","37230706","","","","","38794978","","","","","46794586","","","","","55103497","","","","","60477204","","","","67209411",
"East Asia & Pacific","EAS","International migrant stock, total","SM.POP.TOTL","","","","","","","","","","","","","","","","","","","","","","","","","","","","","","","11526866","","","","","13288855","","","","","15896946","","","","","18737245","","","","","23178469","","","","","27029138","","","","","30415227","","","","32481305",
"Europe & Central Asia (excluding high income)","ECA","International migrant stock, total","SM.POP.TOTL","","","","","","","","","","","","","","","","","","","","","","","","","","","","","","","18630950","","","","","17088148","","","","","15194971","","","","","13897321","","","","","12985189","","","","","15200001","","","","","18049954","","","","18911474",
"Europe & Central Asia","ECS","International migrant stock, total","SM.POP.TOTL","","","","","","","","","","","","","","","","","","","","","","","","","","","","","","","60102363","","","","","64003987","","","","","65764462","","","","","72070973","","","","","78412832","","","","","83850193","","","","","93940842","","","","105627719",
"Ecuador","ECU","International migrant stock, total","SM.POP.TOTL","","","","","","","","","","","","","","","","","","","","","","","","","","","","","","","139204","","","","","145626","","","","","150585","","","","","144415","","","","","358874","","","","","332142","","","","","721560","","","","747749",
"Egypt, Arab Rep.","EGY","International migrant stock, total","SM.POP.TOTL","","","","","","","","","","","","","","","","","","","","","","","","","","","","","","","144713","","","","","160802","","","","","179364","","","","","288944","","","","","323177","","","","","499292","","","","","602472","","","","1139820",
"Euro area","EMU","International migrant stock, total","SM.POP.TOTL","","","","","","","","","","","","","","","","","","","","","","","","","","","","","","","21555197","","","","","25797144","","","","","28614504","","","","","34673187","","","","","39806839","","","","","42679152","","","","","49125951","","","","55786962",
"Eritrea","ERI","International migrant stock, total","SM.POP.TOTL","","","","","","","","","","","","","","","","","","","","","","","","","","","","","","","11848","","","","","12400","","","","","12952","","","","","15905","","","","","15813","","","","","15941","","","","","13934","","","","12512",
"Spain","ESP","International migrant stock, total","SM.POP.TOTL","","","","","","","","","","","","","","","","","","","","","","","","","","","","","","","813588","","","","","1258176","","","","","2023886","","","","","4372449","","","","","6281193","","","","","5892847","","","","","7146130","","","","8870527",
"Estonia","EST","International migrant stock, total","SM.POP.TOTL","","","","","","","","","","","","","","","","","","","","","","","","","","","","","","","381997","","","","","315755","","","","","249512","","","","","233701","","","","","217890","","","","","194664","","","","","199277","","","","203046",
"Ethiopia","ETH","International migrant stock, total","SM.POP.TOTL","","","","","","","","","","","","","","","","","","","","","","","","","","","","","","","875325","","","","","478712","","","","","311441","","","","","170773","","","","","227078","","","","","797374","","","","","875170","","","","1168455",
"European Union","EUU","International migrant stock, total","SM.POP.TOTL","","","","","","","","","","","","","","","","","","","","","","","","","","","","","","","24649984","","","","","29023930","","","","","31944954","","","","","38186192","","","","","43690985","","","","","47117669","","","","","54404693","","","","63315939",
"Fragile and conflict affected situations","FCS","International migrant stock, total","SM.POP.TOTL","","","","","","","","","","","","","","","","","","","","","","","","","","","","","","","17188414","","","","","16682778","","","","","14726062","","","","","14922689","","","","","16275051","","","","","19395720","","","","","20683346","","","","23213137",
"Finland","FIN","International migrant stock, total","SM.POP.TOTL","","","","","","","","","","","","","","","","","","","","","","","","","","","","","","","63255","","","","","99729","","","","","136203","","","","","192169","","","","","228481","","","","","314856","","","","","386052","","","","514432",
"Fiji","FJI","International migrant stock, total","SM.POP.TOTL","","","","","","","","","","","","","","","","","","","","","","","","","","","","","","","13283","","","","","13001","","","","","12719","","","","","12434","","","","","13357","","","","","13751","","","","","14087","","","","14362",
"France","FRA","International migrant stock, total","SM.POP.TOTL","","","","","","","","","","","","","","","","","","","","","","","","","","","","","","","5890023","","","","","5936326","","","","","6141350","","","","","6839877","","","","","7322210","","","","","7978076","","","","","8610719","","","","9186757",
"Faroe Islands","FRO","International migrant stock, total","SM.POP.TOTL","","","","","","","","","","","","","","","","","","","","","","","","","","","","","","","4285","","","","","2900","","","","","3593","","","","","4583","","","","","5096","","","","","5485","","","","","6812","","","","8101",
"Micronesia, Fed. Sts.","FSM","International migrant stock, total","SM.POP.TOTL","","","","","","","","","","","","","","","","","","","","","","","","","","","","","","","3685","","","","","3342","","","","","3116","","","","","2905","","","","","2806","","","","","2756","","","","","2832","","","","2894",
"Gabon","GAB","International migrant stock, total","SM.POP.TOTL","","","","","","","","","","","","","","","","","","","","","","","","","","","","","","","128188","","","","","171427","","","","","214431","","","","","233824","","","","","270829","","","","","378686","","","","","416651","","","","449746",
"United Kingdom","GBR","International migrant stock, total","SM.POP.TOTL","","","","","","","","","","","","","","","","","","","","","","","","","","","","","","","3664896","","","","","4173053","","","","","4747902","","","","","5989992","","","","","7713303","","","","","9071431","","","","","10520870","","","","11845479",
"Georgia","GEO","International migrant stock, total","SM.POP.TOTL","","","","","","","","","","","","","","","","","","","","","","","","","","","","","","","304470","","","","","152235","","","","","76117","","","","","71296","","","","","73078","","","","","76685","","","","","79368","","","","81582",
"Ghana","GHA","International migrant stock, total","SM.POP.TOTL","","","","","","","","","","","","","","","","","","","","","","","","","","","","","","","164851","","","","","252879","","","","","191601","","","","","309932","","","","","337766","","","","","414744","","","","","476412","","","","532286",
"Gibraltar","GIB","International migrant stock, total","SM.POP.TOTL","","","","","","","","","","","","","","","","","","","","","","","","","","","","","","","8709","","","","","8381","","","","","8054","","","","","9211","","","","","10369","","","","","11065","","","","","11190","","","","11291",
"Guinea","GIN","International migrant stock, total","SM.POP.TOTL","","","","","","","","","","","","","","","","","","","","","","","","","","","","","","","403621","","","","","774505","","","","","560075","","","","","233419","","","","","178762","","","","","126657","","","","","121437","","","","117416",
"Gambia, The","GMB","International migrant stock, total","SM.POP.TOTL","","","","","","","","","","","","","","","","","","","","","","","","","","","","","","","118123","","","","","150890","","","","","182514","","","","","181839","","","","","185837","","","","","192540","","","","","215659","","","","236137",
"Guinea-Bissau","GNB","International migrant stock, total","SM.POP.TOTL","","","","","","","","","","","","","","","","","","","","","","","","","","","","","","","15368","","","","","27961","","","","","20450","","","","","20902","","","","","21391","","","","","22333","","","","","17945","","","","15064",
"Equatorial Guinea","GNQ","International migrant stock, total","SM.POP.TOTL","","","","","","","","","","","","","","","","","","","","","","","","","","","","","","","2740","","","","","3629","","","","","4517","","","","","6588","","","","","8658","","","","","209611","","","","","230618","","","","248930",
"Greece","GRC","International migrant stock, total","SM.POP.TOTL","","","","","","","","","","","","","","","","","","","","","","","","","","","","","","","618139","","","","","857850","","","","","1111665","","","","","1190707","","","","","1321149","","","","","1242924","","","","","1340456","","","","1423964",
"Grenada","GRD","International migrant stock, total","SM.POP.TOTL","","","","","","","","","","","","","","","","","","","","","","","","","","","","","","","4263","","","","","5544","","","","","6825","","","","","6902","","","","","6980","","","","","7057","","","","","7213","","","","7340",
"Greenland","GRL","International migrant stock, total","SM.POP.TOTL","","","","","","","","","","","","","","","","","","","","","","","","","","","","","","","9282","","","","","7121","","","","","6601","","","","","6556","","","","","6091","","","","","6009","","","","","5899","","","","5812",
"Guatemala","GTM","International migrant stock, total","SM.POP.TOTL","","","","","","","","","","","","","","","","","","","","","","","","","","","","","","","264257","","","","","156188","","","","","48119","","","","","57214","","","","","66386","","","","","74852","","","","","84311","","","","92732",
"Guam","GUM","International migrant stock, total","SM.POP.TOTL","","","","","","","","","","","","","","","","","","","","","","","","","","","","","","","69755","","","","","71912","","","","","74070","","","","","74743","","","","","75416","","","","","76089","","","","","80472","","","","84159",
"Guyana","GUY","International migrant stock, total","SM.POP.TOTL","","","","","","","","","","","","","","","","","","","","","","","","","","","","","","","4095","","","","","6352","","","","","8610","","","","","10868","","","","","8182","","","","","8661","","","","","31169","","","","54175",
"High income","HIC","International migrant stock, total","SM.POP.TOTL","","","","","","","","","","","","","","","","","","","","","","","","","","","","","","","88751490","","","","","102452836","","","","","115944305","","","","","133375877","","","","","155004464","","","","","174779812","","","","","189435824","","","","207141041",
"Hong Kong SAR, China","HKG","International migrant stock, total","SM.POP.TOTL","","","","","","","","","","","","","","","","","","","","","","","","","","","","","","","2218473","","","","","2443798","","","","","2669122","","","","","2721235","","","","","2779950","","","","","2841113","","","","","2962492","","","","3063318",
"Honduras","HND","International migrant stock, total","SM.POP.TOTL","","","","","","","","","","","","","","","","","","","","","","","","","","","","","","","270423","","","","","149442","","","","","28461","","","","","27934","","","","","27288","","","","","38330","","","","","39195","","","","39901",
"Heavily indebted poor countries (HIPC)","HPC","International migrant stock, total","SM.POP.TOTL","","","","","","","","","","","","","","","","","","","","","","","","","","","","","","","11737740","","","","","12176581","","","","","10524835","","","","","10522889","","","","","10669356","","","","","13030190","","","","","15573997","","","","18651850",
"Croatia","HRV","International migrant stock, total","SM.POP.TOTL","","","","","","","","","","","","","","","","","","","","","","","","","","","","","","","475438","","","","","674085","","","","","585298","","","","","579273","","","","","573248","","","","","561093","","","","","528056","","","","527831",
"Haiti","HTI","International migrant stock, total","SM.POP.TOTL","","","","","","","","","","","","","","","","","","","","","","","","","","","","","","","19084","","","","","18129","","","","","17222","","","","","16360","","","","","17182","","","","","18047","","","","","18884","","","","19581",
"Hungary","HUN","International migrant stock, total","SM.POP.TOTL","","","","","","","","","","","","","","","","","","","","","","","","","","","","","","","347510","","","","","322234","","","","","296957","","","","","366787","","","","","436616","","","","","475508","","","","","584567","","","","689565",
"IBRD only","IBD","International migrant stock, total","SM.POP.TOTL","","","","","","","","","","","","","","","","","","","","","","","","","","","","","","","53218729","","","","","51034383","","","","","49824878","","","","","50967650","","","","","55510481","","","","","61032677","","","","","68054405","","","","76347174",
"IDA & IBRD total","IBT","International migrant stock, total","SM.POP.TOTL","","","","","","","","","","","","","","","","","","","","","","","","","","","","","","","78606030","","","","","74556118","","","","","72157937","","","","","72737758","","","","","78990339","","","","","86513833","","","","","96657727","","","","109826151",
"IDA total","IDA","International migrant stock, total","SM.POP.TOTL","","","","","","","","","","","","","","","","","","","","","","","","","","","","","","","25387301","","","","","23521735","","","","","22333059","","","","","21770108","","","","","23479858","","","","","25481156","","","","","28603322","","","","33478977",
"IDA blend","IDB","International migrant stock, total","SM.POP.TOTL","","","","","","","","","","","","","","","","","","","","","","","","","","","","","","","11672680","","","","","9301389","","","","","10068170","","","","","9742883","","","","","10900143","","","","","11138578","","","","","11181130","","","","12318128",
"Indonesia","IDN","International migrant stock, total","SM.POP.TOTL","","","","","","","","","","","","","","","","","","","","","","","","","","","","","","","92058","","","","","114419","","","","","287645","","","","","87508","","","","","113288","","","","","192119","","","","","306702","","","","445726",
"IDA only","IDX","International migrant stock, total","SM.POP.TOTL","","","","","","","","","","","","","","","","","","","","","","","","","","","","","","","13714621","","","","","14220346","","","","","12264889","","","","","12027225","","","","","12579715","","","","","14342578","","","","","17422192","","","","21160849",
"Isle of Man","IMN","International migrant stock, total","SM.POP.TOTL","","","","","","","","","","","","","","","","","","","","","","","","","","","","","","","34769","","","","","36886","","","","","39002","","","","","41475","","","","","43447","","","","","42238","","","","","43040","","","","43693",
"India","IND","International migrant stock, total","SM.POP.TOTL","","","","","","","","","","","","","","","","","","","","","","","","","","","","","","","7212791","","","","","6836861","","","","","6391543","","","","","5954999","","","","","5601237","","","","","5252296","","","","","4929816","","","","4796255",
"Not classified","INX","International migrant stock, total","SM.POP.TOTL","","","","","","","","","","","","","","","","","","","","","","","","","","","","","","","","","","","","","","","","","","","","","","","","","","","","","","","","","","","","","","","","","",
"Ireland","IRL","International migrant stock, total","SM.POP.TOTL","","","","","","","","","","","","","","","","","","","","","","","","","","","","","","","227783","","","","","247379","","","","","376321","","","","","620579","","","","","751381","","","","","802470","","","","","951686","","","","1216237",
"Iran, Islamic Rep.","IRN","International migrant stock, total","SM.POP.TOTL","","","","","","","","","","","","","","","","","","","","","","","","","","","","","","","4291601","","","","","2937668","","","","","2476469","","","","","2552206","","","","","2722397","","","","","2729939","","","","","2797235","","","","3840654",
"Iraq","IRQ","International migrant stock, total","SM.POP.TOTL","","","","","","","","","","","","","","","","","","","","","","","","","","","","","","","83638","","","","","199460","","","","","210525","","","","","134863","","","","","120466","","","","","359352","","","","","365766","","","","370980",
"Iceland","ISL","International migrant stock, total","SM.POP.TOTL","","","","","","","","","","","","","","","","","","","","","","","","","","","","","","","9584","","","","","12738","","","","","15892","","","","","25492","","","","","35091","","","","","39072","","","","","65424","","","","98818",
"Israel","ISR","International migrant stock, total","SM.POP.TOTL","","","","","","","","","","","","","","","","","","","","","","","","","","","","","","","1622505","","","","","1781111","","","","","1838155","","","","","1881017","","","","","1953214","","","","","2019891","","","","","2068830","","","","2091569",
"Italy","ITA","International migrant stock, total","SM.POP.TOTL","","","","","","","","","","","","","","","","","","","","","","","","","","","","","","","1529367","","","","","1810642","","","","","2143259","","","","","3285903","","","","","4719233","","","","","5506199","","","","","6223851","","","","6553671",
"Jamaica","JAM","International migrant stock, total","SM.POP.TOTL","","","","","","","","","","","","","","","","","","","","","","","","","","","","","","","20475","","","","","22713","","","","","24952","","","","","24284","","","","","23677","","","","","23165","","","","","23629","","","","24007",
"Jordan","JOR","International migrant stock, total","SM.POP.TOTL","","","","","","","","","","","","","","","","","","","","","","","","","","","","","","","1131529","","","","","1511664","","","","","1834160","","","","","2229368","","","","","3723368","","","","","4386976","","","","","4940142","","","","5280168",
"Japan","JPN","International migrant stock, total","SM.POP.TOTL","","","","","","","","","","","","","","","","","","","","","","","","","","","","","","","1050475","","","","","1331094","","","","","1651869","","","","","1976528","","","","","2161780","","","","","2577487","","","","","3289042","","","","3409529",
"Kazakhstan","KAZ","International migrant stock, total","SM.POP.TOTL","","","","","","","","","","","","","","","","","","","","","","","","","","","","","","","3289058","","","","","2259955","","","","","1733374","","","","","1845637","","","","","1856870","","","","","1919920","","","","","1990268","","","","2089797",
"Kenya","KEN","International migrant stock, total","SM.POP.TOTL","","","","","","","","","","","","","","","","","","","","","","","","","","","","","","","298089","","","","","618745","","","","","707852","","","","","773354","","","","","954925","","","","","1126886","","","","","1050147","","","","992536",
"Kyrgyz Republic","KGZ","International migrant stock, total","SM.POP.TOTL","","","","","","","","","","","","","","","","","","","","","","","","","","","","","","","623083","","","","","518338","","","","","389824","","","","","309399","","","","","232065","","","","","204382","","","","","199011","","","","194816",
"Cambodia","KHM","International migrant stock, total","SM.POP.TOTL","","","","","","","","","","","","","","","","","","","","","","","","","","","","","","","38375","","","","","92230","","","","","146085","","","","","114096","","","","","82028","","","","","73962","","","","","79341","","","","83925",
"Kiribati","KIR","International migrant stock, total","SM.POP.TOTL","","","","","","","","","","","","","","","","","","","","","","","","","","","","","","","2162","","","","","2223","","","","","2283","","","","","2487","","","","","2868","","","","","2919","","","","","3126","","","","3302",
"St. Kitts and Nevis","KNA","International migrant stock, total","SM.POP.TOTL","","","","","","","","","","","","","","","","","","","","","","","","","","","","","","","3210","","","","","4248","","","","","5871","","","","","6682","","","","","7245","","","","","7443","","","","","7725","","","","7958",
"Korea, Rep.","KOR","International migrant stock, total","SM.POP.TOTL","","","","","","","","","","","","","","","","","","","","","","","","","","","","","","","18499","","","","","52719","","","","","144426","","","","","231744","","","","","566098","","","","","1312172","","","","","1723389","","","","1811507",
"Kuwait","KWT","International migrant stock, total","SM.POP.TOTL","","","","","","","","","","","","","","","","","","","","","","","","","","","","","","","1056143","","","","","935152","","","","","1116932","","","","","1353949","","","","","1871827","","","","","2610785","","","","","3030731","","","","3323191",
"Latin America & Caribbean (excluding high income)","LAC","International migrant stock, total","SM.POP.TOTL","","","","","","","","","","","","","","","","","","","","","","","","","","","","","","","4764439","","","","","4200425","","","","","3996934","","","","","4277356","","","","","4955121","","","","","5438416","","","","","9465319","","","","12256402",
"Lao PDR","LAO","International migrant stock, total","SM.POP.TOTL","","","","","","","","","","","","","","","","","","","","","","","","","","","","","","","22866","","","","","23526","","","","","21948","","","","","20371","","","","","32955","","","","","45538","","","","","48731","","","","51446",
"Lebanon","LBN","International migrant stock, total","SM.POP.TOTL","","","","","","","","","","","","","","","","","","","","","","","","","","","","","","","424488","","","","","466437","","","","","514836","","","","","553850","","","","","625884","","","","","1763717","","","","","1586346","","","","1422583",
"Liberia","LBR","International migrant stock, total","SM.POP.TOTL","","","","","","","","","","","","","","","","","","","","","","","","","","","","","","","94964","","","","","208563","","","","","151868","","","","","87217","","","","","99165","","","","","112111","","","","","87947","","","","72423",
"Libya","LBY","International migrant stock, total","SM.POP.TOTL","","","","","","","","","","","","","","","","","","","","","","","","","","","","","","","457075","","","","","508041","","","","","567436","","","","","625412","","","","","687192","","","","","771146","","","","","826537","","","","897751",
"St. Lucia","LCA","International migrant stock, total","SM.POP.TOTL","","","","","","","","","","","","","","","","","","","","","","","","","","","","","","","5305","","","","","7155","","","","","9871","","","","","9839","","","","","9050","","","","","8673","","","","","8338","","","","8079",
"Latin America & Caribbean","LCN","International migrant stock, total","SM.POP.TOTL","","","","","","","","","","","","","","","","","","","","","","","","","","","","","","","7066694","","","","","6518104","","","","","6354606","","","","","6855176","","","","","7996672","","","","","8810718","","","","","13974181","","","","17181477",
"Least developed countries: UN classification","LDC","International migrant stock, total","SM.POP.TOTL","","","","","","","","","","","","","","","","","","","","","","","","","","","","","","","11417121","","","","","12029805","","","","","10417258","","","","","10098474","","","","","10058220","","","","","12991167","","","","","15971095","","","","19617506",
"Low income","LIC","International migrant stock, total","SM.POP.TOTL","","","","","","","","","","","","","","","","","","","","","","","","","","","","","","","7854941","","","","","7759396","","","","","6526932","","","","","6879856","","","","","7758831","","","","","8712308","","","","","10785899","","","","13215162",
"Liechtenstein","LIE","International migrant stock, total","SM.POP.TOTL","","","","","","","","","","","","","","","","","","","","","","","","","","","","","","","10906","","","","","13311","","","","","15483","","","","","18898","","","","","22342","","","","","23799","","","","","25877","","","","27669",
"Sri Lanka","LKA","International migrant stock, total","SM.POP.TOTL","","","","","","","","","","","","","","","","","","","","","","","","","","","","","","","41561","","","","","40841","","","","","40132","","","","","39526","","","","","38959","","","","","39706","","","","","40254","","","","40698",
"Lower middle income","LMC","International migrant stock, total","SM.POP.TOTL","","","","","","","","","","","","","","","","","","","","","","","","","","","","","","","26329660","","","","","25004393","","","","","25173655","","","","","24485939","","","","","26806999","","","","","29214885","","","","","30422822","","","","33300365",
"Low & middle income","LMY","International migrant stock, total","SM.POP.TOTL","","","","","","","","","","","","","","","","","","","","","","","","","","","","","","","62995670","","","","","58899875","","","","","56904057","","","","","57717851","","","","","63952547","","","","","72537445","","","","","83076120","","","","93824438",
"Lesotho","LSO","International migrant stock, total","SM.POP.TOTL","","","","","","","","","","","","","","","","","","","","","","","","","","","","","","","8240","","","","","7204","","","","","6167","","","","","6290","","","","","6414","","","","","9152","","","","","12060","","","","15039",
"Late-demographic dividend","LTE","International migrant stock, total","SM.POP.TOTL","","","","","","","","","","","","","","","","","","","","","","","","","","","","","","","28893268","","","","","29287787","","","","","29961056","","","","","32258485","","","","","37189593","","","","","41234230","","","","","44332666","","","","50867380",
"Lithuania","LTU","International migrant stock, total","SM.POP.TOTL","","","","","","","","","","","","","","","","","","","","","","","","","","","","","","","349258","","","","","273587","","","","","214311","","","","","201209","","","","","160772","","","","","136021","","","","","145184","","","","175194",
"Luxembourg","LUX","International migrant stock, total","SM.POP.TOTL","","","","","","","","","","","","","","","","","","","","","","","","","","","","","","","113795","","","","","126106","","","","","139750","","","","","150618","","","","","163142","","","","","248888","","","","","298062","","","","344309",
"Latvia","LVA","International migrant stock, total","SM.POP.TOTL","","","","","","","","","","","","","","","","","","","","","","","","","","","","","","","646007","","","","","538093","","","","","430178","","","","","376725","","","","","313786","","","","","265418","","","","","239422","","","","220471",
"Macao SAR, China","MAC","International migrant stock, total","SM.POP.TOTL","","","","","","","","","","","","","","","","","","","","","","","","","","","","","","","205047","","","","","224929","","","","","240791","","","","","279308","","","","","318506","","","","","376066","","","","","403490","","","","426862",
"St. Martin (French part)","MAF","International migrant stock, total","SM.POP.TOTL","","","","","","","","","","","","","","","","","","","","","","","","","","","","","","","","","","","","","","","","","","","","","","","","","","","","","","","","","","","","","","","","","",
"Morocco","MAR","International migrant stock, total","SM.POP.TOTL","","","","","","","","","","","","","","","","","","","","","","","","","","","","","","","54895","","","","","50360","","","","","53034","","","","","56222","","","","","71189","","","","","92424","","","","","102358","","","","111069",
"Monaco","MCO","International migrant stock, total","SM.POP.TOTL","","","","","","","","","","","","","","","","","","","","","","","","","","","","","","","20359","","","","","21060","","","","","21787","","","","","21312","","","","","21132","","","","","25983","","","","","26601","","","","27106",
"Moldova","MDA","International migrant stock, total","SM.POP.TOTL","","","","","","","","","","","","","","","","","","","","","","","","","","","","","","","533397","","","","","365099","","","","","250134","","","","","174263","","","","","132386","","","","","101730","","","","","77291","","","","188207",
"Madagascar","MDG","International migrant stock, total","SM.POP.TOTL","","","","","","","","","","","","","","","","","","","","","","","","","","","","","","","23917","","","","","21177","","","","","23541","","","","","26058","","","","","28905","","","","","32075","","","","","35563","","","","38625",
"Maldives","MDV","International migrant stock, total","SM.POP.TOTL","","","","","","","","","","","","","","","","","","","","","","","","","","","","","","","8689","","","","","18510","","","","","27092","","","","","45045","","","","","54659","","","","","64273","","","","","70079","","","","75099",
"Middle East, North Africa, Afghanistan & Pakistan","MEA","International migrant stock, total","SM.POP.TOTL","","","","","","","","","","","","","","","","","","","","","","","","","","","","","","","23809478","","","","","21666951","","","","","23534513","","","","","26078781","","","","","36164610","","","","","45779367","","","","","46804107","","","","52262903",
"Mexico","MEX","International migrant stock, total","SM.POP.TOTL","","","","","","","","","","","","","","","","","","","","","","","","","","","","","","","701513","","","","","458051","","","","","526172","","","","","701803","","","","","957593","","","","","1088731","","","","","1335154","","","","1726089",
"Marshall Islands","MHL","International migrant stock, total","SM.POP.TOTL","","","","","","","","","","","","","","","","","","","","","","","","","","","","","","","1158","","","","","1480","","","","","1891","","","","","2417","","","","","3089","","","","","3284","","","","","3298","","","","3309",
"Middle income","MIC","International migrant stock, total","SM.POP.TOTL","","","","","","","","","","","","","","","","","","","","","","","","","","","","","","","55140729","","","","","51140479","","","","","50377125","","","","","50837995","","","","","56193716","","","","","63825137","","","","","72290221","","","","80609276",
"North Macedonia","MKD","International migrant stock, total","SM.POP.TOTL","","","","","","","","","","","","","","","","","","","","","","","","","","","","","","","95142","","","","","109343","","","","","125665","","","","","127667","","","","","129701","","","","","130730","","","","","131311","","","","150902",
"Mali","MLI","International migrant stock, total","SM.POP.TOTL","","","","","","","","","","","","","","","","","","","","","","","","","","","","","","","160736","","","","","176187","","","","","189475","","","","","258630","","","","","341078","","","","","420504","","","","","485829","","","","545323",
"Malta","MLT","International migrant stock, total","SM.POP.TOTL","","","","","","","","","","","","","","","","","","","","","","","","","","","","","","","15077","","","","","17740","","","","","21521","","","","","24560","","","","","33008","","","","","52642","","","","","114760","","","","199466",
"Myanmar","MMR","International migrant stock, total","SM.POP.TOTL","","","","","","","","","","","","","","","","","","","","","","","","","","","","","","","133545","","","","","113663","","","","","98011","","","","","83025","","","","","76414","","","","","73309","","","","","76446","","","","79052",
"Middle East, North Africa, Afghanistan & Pakistan (excluding high income)","MNA","International migrant stock, total","SM.POP.TOTL","","","","","","","","","","","","","","","","","","","","","","","","","","","","","","","14409323","","","","","11223827","","","","","11736047","","","","","11356404","","","","","15028206","","","","","16345915","","","","","16600403","","","","19347268",
"Montenegro","MNE","International migrant stock, total","SM.POP.TOTL","","","","","","","","","","","","","","","","","","","","","","","","","","","","","","","73743","","","","","73743","","","","","73743","","","","","73743","","","","","78512","","","","","71719","","","","","70999","","","","92237",
"Mongolia","MNG","International migrant stock, total","SM.POP.TOTL","","","","","","","","","","","","","","","","","","","","","","","","","","","","","","","6718","","","","","7424","","","","","8206","","","","","11477","","","","","16062","","","","","19886","","","","","21345","","","","22589",
"Northern Mariana Islands","MNP","International migrant stock, total","SM.POP.TOTL","","","","","","","","","","","","","","","","","","","","","","","","","","","","","","","26593","","","","","32376","","","","","40122","","","","","37542","","","","","24168","","","","","21648","","","","","21843","","","","22000",
"Mozambique","MOZ","International migrant stock, total","SM.POP.TOTL","","","","","","","","","","","","","","","","","","","","","","","","","","","","","","","122332","","","","","168256","","","","","195702","","","","","268694","","","","","306471","","","","","321794","","","","","338850","","","","353143",
"Mauritania","MRT","International migrant stock, total","SM.POP.TOTL","","","","","","","","","","","","","","","","","","","","","","","","","","","","","","","111650","","","","","89562","","","","","57366","","","","","58211","","","","","84920","","","","","166552","","","","","182286","","","","195937",
"Mauritius","MUS","International migrant stock, total","SM.POP.TOTL","","","","","","","","","","","","","","","","","","","","","","","","","","","","","","","3613","","","","","7493","","","","","15543","","","","","19647","","","","","24836","","","","","28585","","","","","28893","","","","29142",
"Malawi","MWI","International migrant stock, total","SM.POP.TOTL","","","","","","","","","","","","","","","","","","","","","","","","","","","","","","","1127724","","","","","241624","","","","","232620","","","","","221661","","","","","217722","","","","","197328","","","","","191362","","","","186719",
"Malaysia","MYS","International migrant stock, total","SM.POP.TOTL","","","","","","","","","","","","","","","","","","","","","","","","","","","","","","","1027572","","","","","1312828","","","","","1613819","","","","","2174308","","","","","3086876","","","","","3513497","","","","","3718696","","","","3806514",
"North America","NAC","International migrant stock, total","SM.POP.TOTL","","","","","","","","","","","","","","","","","","","","","","","","","","","","","","","27532886","","","","","33396137","","","","","40349936","","","","","45650912","","","","","51000759","","","","","56012072","","","","","58823659","","","","61201057",
"Namibia","NAM","International migrant stock, total","SM.POP.TOTL","","","","","","","","","","","","","","","","","","","","","","","","","","","","","","","120641","","","","","115372","","","","","135547","","","","","107347","","","","","103826","","","","","101618","","","","","109391","","","","116035",
"New Caledonia","NCL","International migrant stock, total","SM.POP.TOTL","","","","","","","","","","","","","","","","","","","","","","","","","","","","","","","37673","","","","","43662","","","","","49651","","","","","55405","","","","","61158","","","","","68881","","","","","73141","","","","76738",
"Niger","NER","International migrant stock, total","SM.POP.TOTL","","","","","","","","","","","","","","","","","","","","","","","","","","","","","","","115464","","","","","145999","","","","","122260","","","","","124509","","","","","126482","","","","","252998","","","","","348056","","","","449236",
"Nigeria","NGA","International migrant stock, total","SM.POP.TOTL","","","","","","","","","","","","","","","","","","","","","","","","","","","","","","","456621","","","","","462999","","","","","487882","","","","","969714","","","","","990494","","","","","1199115","","","","","1308568","","","","1403281",
"Nicaragua","NIC","International migrant stock, total","SM.POP.TOTL","","","","","","","","","","","","","","","","","","","","","","","","","","","","","","","41421","","","","","26619","","","","","30389","","","","","34919","","","","","37345","","","","","40261","","","","","42167","","","","43757",
"Netherlands","NLD","International migrant stock, total","SM.POP.TOTL","","","","","","","","","","","","","","","","","","","","","","","","","","","","","","","1194306","","","","","1397371","","","","","1584638","","","","","1735632","","","","","1850649","","","","","2024059","","","","","2425521","","","","2956518",
"Norway","NOR","International migrant stock, total","SM.POP.TOTL","","","","","","","","","","","","","","","","","","","","","","","","","","","","","","","192587","","","","","233302","","","","","292440","","","","","361144","","","","","524601","","","","","746375","","","","","852238","","","","1012404",
"Nepal","NPL","International migrant stock, total","SM.POP.TOTL","","","","","","","","","","","","","","","","","","","","","","","","","","","","","","","429974","","","","","690225","","","","","717900","","","","","680729","","","","","581889","","","","","509471","","","","","487564","","","","470719",
"Nauru","NRU","International migrant stock, total","SM.POP.TOTL","","","","","","","","","","","","","","","","","","","","","","","","","","","","","","","2815","","","","","2605","","","","","2394","","","","","2253","","","","","906","","","","","1833","","","","","2201","","","","2548",
"New Zealand","NZL","International migrant stock, total","SM.POP.TOTL","","","","","","","","","","","","","","","","","","","","","","","","","","","","","","","526369","","","","","594911","","","","","685966","","","","","855017","","","","","956982","","","","","1132201","","","","","1343900","","","","1467989",
"OECD members","OED","International migrant stock, total","SM.POP.TOTL","","","","","","","","","","","","","","","","","","","","","","","","","","","","","","","66283709","","","","","77518920","","","","","89056366","","","","","103591383","","","","","118770659","","","","","133996089","","","","","153776291","","","","169275162",
"Oman","OMN","International migrant stock, total","SM.POP.TOTL","","","","","","","","","","","","","","","","","","","","","","","","","","","","","","","526784","","","","","538639","","","","","550760","","","","","608416","","","","","803387","","","","","1827972","","","","","1766142","","","","2283366",
"Other small states","OSS","International migrant stock, total","SM.POP.TOTL","","","","","","","","","","","","","","","","","","","","","","","","","","","","","","","875304","","","","","802975","","","","","796815","","","","","863102","","","","","973950","","","","","982569","","","","","1115380","","","","1293093",
"Pakistan","PAK","International migrant stock, total","SM.POP.TOTL","","","","","","","","","","","","","","","","","","","","","","","","","","","","","","","6208204","","","","","3669308","","","","","4181912","","","","","3174558","","","","","3943681","","","","","3506520","","","","","3276580","","","","4175958",
"Panama","PAN","International migrant stock, total","SM.POP.TOTL","","","","","","","","","","","","","","","","","","","","","","","","","","","","","","","62744","","","","","70848","","","","","83410","","","","","109461","","","","","157788","","","","","184710","","","","","313165","","","","477749",
"Peru","PER","International migrant stock, total","SM.POP.TOTL","","","","","","","","","","","","","","","","","","","","","","","","","","","","","","","48985","","","","","56831","","","","","66103","","","","","77195","","","","","102662","","","","","152562","","","","","1184762","","","","1837219",
"Philippines","PHL","International migrant stock, total","SM.POP.TOTL","","","","","","","","","","","","","","","","","","","","","","","","","","","","","","","134600","","","","","145980","","","","","157361","","","","","168741","","","","","178147","","","","","131897","","","","","87212","","","","87212",
"Palau","PLW","International migrant stock, total","SM.POP.TOTL","","","","","","","","","","","","","","","","","","","","","","","","","","","","","","","2801","","","","","4749","","","","","6310","","","","","6043","","","","","5490","","","","","4937","","","","","5088","","","","5212",
"Papua New Guinea","PNG","International migrant stock, total","SM.POP.TOTL","","","","","","","","","","","","","","","","","","","","","","","","","","","","","","","33710","","","","","33526","","","","","26304","","","","","29971","","","","","30425","","","","","30940","","","","","31068","","","","31171",
"Poland","POL","International migrant stock, total","SM.POP.TOTL","","","","","","","","","","","","","","","","","","","","","","","","","","","","","","","1127393","","","","","963028","","","","","822627","","","","","724887","","","","","649114","","","","","683663","","","","","738099","","","","1739901",
"Pre-demographic dividend","PRE","International migrant stock, total","SM.POP.TOTL","","","","","","","","","","","","","","","","","","","","","","","","","","","","","","","11659101","","","","","12926933","","","","","11612863","","","","","12028239","","","","","12115250","","","","","15432498","","","","","17913017","","","","20709728",
"Puerto Rico (US)","PRI","International migrant stock, total","SM.POP.TOTL","","","","","","","","","","","","","","","","","","","","","","","","","","","","","","","321909","","","","","338067","","","","","355038","","","","","352144","","","","","304969","","","","","280494","","","","","247132","","","","223323",
"Korea, Dem. People's Rep.","PRK","International migrant stock, total","SM.POP.TOTL","","","","","","","","","","","","","","","","","","","","","","","","","","","","","","","34103","","","","","35143","","","","","36183","","","","","40097","","","","","44010","","","","","48458","","","","","49549","","","","50439",
"Portugal","PRT","International migrant stock, total","SM.POP.TOTL","","","","","","","","","","","","","","","","","","","","","","","","","","","","","","","435782","","","","","532822","","","","","651472","","","","","771184","","","","","762825","","","","","864814","","","","","1001963","","","","1127184",
"Paraguay","PRY","International migrant stock, total","SM.POP.TOTL","","","","","","","","","","","","","","","","","","","","","","","","","","","","","","","195884","","","","","186570","","","","","176608","","","","","168243","","","","","160299","","","","","156462","","","","","169567","","","","180837",
"West Bank and Gaza","PSE","International migrant stock, total","SM.POP.TOTL","","","","","","","","","","","","","","","","","","","","","","","","","","","","","","","288332","","","","","281767","","","","","275202","","","","","274520","","","","","273840","","","","","273163","","","","","272784","","","","272481",
"Pacific island small states","PSS","International migrant stock, total","SM.POP.TOTL","","","","","","","","","","","","","","","","","","","","","","","","","","","","","","","39024","","","","","42270","","","","","45220","","","","","44866","","","","","44216","","","","","43690","","","","","44411","","","","45081",
"Post-demographic dividend","PST","International migrant stock, total","SM.POP.TOTL","","","","","","","","","","","","","","","","","","","","","","","","","","","","","","","71681211","","","","","83197613","","","","","94497887","","","","","108272691","","","","","123388153","","","","","136412241","","","","","150421233","","","","162920236",
"French Polynesia","PYF","International migrant stock, total","SM.POP.TOTL","","","","","","","","","","","","","","","","","","","","","","","","","","","","","","","25830","","","","","28360","","","","","30329","","","","","32286","","","","","31640","","","","","30058","","","","","30081","","","","30099",
"Qatar","QAT","International migrant stock, total","SM.POP.TOTL","","","","","","","","","","","","","","","","","","","","","","","","","","","","","","","215508","","","","","307661","","","","","439215","","","","","643000","","","","","1409000","","","","","2090000","","","","","2182000","","","","2337000",
"Romania","ROU","International migrant stock, total","SM.POP.TOTL","","","","","","","","","","","","","","","","","","","","","","","","","","","","","","","135745","","","","","134970","","","","","134204","","","","","139430","","","","","148107","","","","","212560","","","","","338734","","","","655579",
"Russian Federation","RUS","International migrant stock, total","SM.POP.TOTL","","","","","","","","","","","","","","","","","","","","","","","","","","","","","","","11524948","","","","","11928927","","","","","11900297","","","","","11667588","","","","","11199727","","","","","9098229","","","","","7297611","","","","7605774",
"Rwanda","RWA","International migrant stock, total","SM.POP.TOTL","","","","","","","","","","","","","","","","","","","","","","","","","","","","","","","160024","","","","","215735","","","","","347076","","","","","423187","","","","","426901","","","","","514647","","","","","513907","","","","513316",
"South Asia","SAS","International migrant stock, total","SM.POP.TOTL","","","","","","","","","","","","","","","","","","","","","","","","","","","","","","","8598439","","","","","8549144","","","","","8196657","","","","","7822848","","","","","7670710","","","","","7339031","","","","","7696733","","","","8344814",
"Saudi Arabia","SAU","International migrant stock, total","SM.POP.TOTL","","","","","","","","","","","","","","","","","","","","","","","","","","","","","","","4484868","","","","","4853489","","","","","5219382","","","","","6605114","","","","","8976961","","","","","13251622","","","","","13071258","","","","13683841",
"Sudan","SDN","International migrant stock, total","SM.POP.TOTL","","","","","","","","","","","","","","","","","","","","","","","","","","","","","","","1402896","","","","","1053396","","","","","805086","","","","","546419","","","","","618709","","","","","620523","","","","","1379147","","","","2397113",
"Senegal","SEN","International migrant stock, total","SM.POP.TOTL","","","","","","","","","","","","","","","","","","","","","","","","","","","","","","","270410","","","","","287654","","","","","231901","","","","","238298","","","","","256092","","","","","266496","","","","","274929","","","","281867",
"Singapore","SGP","International migrant stock, total","SM.POP.TOTL","","","","","","","","","","","","","","","","","","","","","","","","","","","","","","","729377","","","","","993616","","","","","1319433","","","","","1494527","","","","","2160350","","","","","2535340","","","","","2589107","","","","2841665",
"Solomon Islands","SLB","International migrant stock, total","SM.POP.TOTL","","","","","","","","","","","","","","","","","","","","","","","","","","","","","","","4226","","","","","4178","","","","","3981","","","","","3271","","","","","2760","","","","","2585","","","","","2520","","","","2469",
"Sierra Leone","SLE","International migrant stock, total","SM.POP.TOTL","","","","","","","","","","","","","","","","","","","","","","","","","","","","","","","222148","","","","","98516","","","","","97974","","","","","146227","","","","","79265","","","","","58830","","","","","53746","","","","49997",
"El Salvador","SLV","International migrant stock, total","SM.POP.TOTL","","","","","","","","","","","","","","","","","","","","","","","","","","","","","","","47360","","","","","39537","","","","","31713","","","","","36029","","","","","40342","","","","","42059","","","","","42767","","","","43342",
"San Marino","SMR","International migrant stock, total","SM.POP.TOTL","","","","","","","","","","","","","","","","","","","","","","","","","","","","","","","3310","","","","","3659","","","","","4045","","","","","4218","","","","","4880","","","","","5195","","","","","5543","","","","5838",
"Somalia, Fed. Rep.","SOM","International migrant stock, total","SM.POP.TOTL","","","","","","","","","","","","","","","","","","","","","","","","","","","","","","","478294","","","","","19527","","","","","20097","","","","","20768","","","","","48106","","","","","40990","","","","","58590","","","","77972",
"Serbia","SRB","International migrant stock, total","SM.POP.TOTL","","","","","","","","","","","","","","","","","","","","","","","","","","","","","","","1064614","","","","","1543744","","","","","1419951","","","","","1078633","","","","","901044","","","","","797595","","","","","733091","","","","712550",
"Sub-Saharan Africa (excluding high income)","SSA","International migrant stock, total","SM.POP.TOTL","","","","","","","","","","","","","","","","","","","","","","","","","","","","","","","14131722","","","","","14944381","","","","","13758406","","","","","14945270","","","","","15868886","","","","","19888395","","","","","22168338","","","","25116247",
"South Sudan","SSD","International migrant stock, total","SM.POP.TOTL","","","","","","","","","","","","","","","","","","","","","","","","","","","","","","","652365","","","","","652365","","","","","652365","","","","","652365","","","","","230732","","","","","844112","","","","","882252","","","","914001",
"Sub-Saharan Africa","SSF","International migrant stock, total","SM.POP.TOTL","","","","","","","","","","","","","","","","","","","","","","","","","","","","","","","15010768","","","","","15428241","","","","","14076421","","","","","15125040","","","","","16107384","","","","","20698560","","","","","23056558","","","","26297963",
"Small states","SST","International migrant stock, total","SM.POP.TOTL","","","","","","","","","","","","","","","","","","","","","","","","","","","","","","","1099751","","","","","1052988","","","","","1074938","","","","","1172247","","","","","1310613","","","","","1340384","","","","","1543789","","","","1796017",
"Sao Tome and Principe","STP","International migrant stock, total","SM.POP.TOTL","","","","","","","","","","","","","","","","","","","","","","","","","","","","","","","5582","","","","","4936","","","","","4365","","","","","3433","","","","","2700","","","","","2394","","","","","2139","","","","1955",
"Suriname","SUR","International migrant stock, total","SM.POP.TOTL","","","","","","","","","","","","","","","","","","","","","","","","","","","","","","","18083","","","","","22320","","","","","27506","","","","","33662","","","","","39713","","","","","43127","","","","","47801","","","","51902",
"Slovak Republic","SVK","International migrant stock, total","SM.POP.TOTL","","","","","","","","","","","","","","","","","","","","","","","","","","","","","","","41295","","","","","69323","","","","","116376","","","","","130491","","","","","146319","","","","","177624","","","","","197161","","","","323991",
"Slovenia","SVN","International migrant stock, total","SM.POP.TOTL","","","","","","","","","","","","","","","","","","","","","","","","","","","","","","","178077","","","","","174419","","","","","214508","","","","","217218","","","","","253786","","","","","237616","","","","","277964","","","","315122",
"Sweden","SWE","International migrant stock, total","SM.POP.TOTL","","","","","","","","","","","","","","","","","","","","","","","","","","","","","","","784283","","","","","944802","","","","","1022156","","","","","1126971","","","","","1372074","","","","","1638195","","","","","2033902","","","","2272158",
"Eswatini","SWZ","International migrant stock, total","SM.POP.TOTL","","","","","","","","","","","","","","","","","","","","","","","","","","","","","","","74991","","","","","35157","","","","","34084","","","","","33392","","","","","32637","","","","","32352","","","","","32858","","","","33268",
"Sint Maarten (Dutch part)","SXM","International migrant stock, total","SM.POP.TOTL","","","","","","","","","","","","","","","","","","","","","","","","","","","","","","","23861","","","","","23861","","","","","23861","","","","","13099","","","","","26203","","","","","27295","","","","","28845","","","","30148",
"Seychelles","SYC","International migrant stock, total","SM.POP.TOTL","","","","","","","","","","","","","","","","","","","","","","","","","","","","","","","3721","","","","","5148","","","","","6574","","","","","8997","","","","","11420","","","","","12791","","","","","13050","","","","13261",
"Syrian Arab Republic","SYR","International migrant stock, total","SM.POP.TOTL","","","","","","","","","","","","","","","","","","","","","","","","","","","","","","","714140","","","","","830610","","","","","834916","","","","","882398","","","","","1783595","","","","","835716","","","","","868711","","","","896042",
"Turks and Caicos Islands","TCA","International migrant stock, total","SM.POP.TOTL","","","","","","","","","","","","","","","","","","","","","","","","","","","","","","","5062","","","","","7039","","","","","9015","","","","","13115","","","","","17216","","","","","22723","","","","","25748","","","","28455",
"Chad","TCD","International migrant stock, total","SM.POP.TOTL","","","","","","","","","","","","","","","","","","","","","","","","","","","","","","","74342","","","","","89584","","","","","104825","","","","","352130","","","","","417034","","","","","466968","","","","","547494","","","","1269673",
"East Asia & Pacific (IDA & IBRD countries)","TEA","International migrant stock, total","SM.POP.TOTL","","","","","","","","","","","","","","","","","","","","","","","","","","","","","","","2432310","","","","","2866161","","","","","3993563","","","","","5386851","","","","","7406821","","","","","8283999","","","","","9053113","","","","9805554",
"Europe & Central Asia (IDA & IBRD countries)","TEC","International migrant stock, total","SM.POP.TOTL","","","","","","","","","","","","","","","","","","","","","","","","","","","","","","","31915984","","","","","30821593","","","","","28680757","","","","","27069573","","","","","25631672","","","","","25879349","","","","","27136817","","","","29739659",
"Togo","TGO","International migrant stock, total","SM.POP.TOTL","","","","","","","","","","","","","","","","","","","","","","","","","","","","","","","84844","","","","","101583","","","","","137968","","","","","204219","","","","","255564","","","","","277384","","","","","279936","","","","281994",
"Thailand","THA","International migrant stock, total","SM.POP.TOTL","","","","","","","","","","","","","","","","","","","","","","","","","","","","","","","287933","","","","","271568","","","","","771234","","","","","1705845","","","","","2640454","","","","","2853248","","","","","3015007","","","","3179399",
"Tajikistan","TJK","International migrant stock, total","SM.POP.TOTL","","","","","","","","","","","","","","","","","","","","","","","","","","","","","","","428900","","","","","348347","","","","","299499","","","","","280466","","","","","279808","","","","","275101","","","","","276031","","","","276777",
"Turkmenistan","TKM","International migrant stock, total","SM.POP.TOTL","","","","","","","","","","","","","","","","","","","","","","","","","","","","","","","306500","","","","","273565","","","","","219067","","","","","213053","","","","","197979","","","","","196376","","","","","194920","","","","193763",
"Latin America & the Caribbean (IDA & IBRD countries)","TLA","International migrant stock, total","SM.POP.TOTL","","","","","","","","","","","","","","","","","","","","","","","","","","","","","","","6527538","","","","","5948919","","","","","5749694","","","","","6251562","","","","","7419386","","","","","8240142","","","","","13386887","","","","16563374",
"Timor-Leste","TLS","International migrant stock, total","SM.POP.TOTL","","","","","","","","","","","","","","","","","","","","","","","","","","","","","","","8954","","","","","9743","","","","","10602","","","","","11286","","","","","11540","","","","","8520","","","","","8399","","","","8303",
"Middle East, North Africa, Afghanistan & Pakistan (IDA & IBRD)","TMN","International migrant stock, total","SM.POP.TOTL","","","","","","","","","","","","","","","","","","","","","","","","","","","","","","","14120991","","","","","10942060","","","","","11460845","","","","","11081884","","","","","14754366","","","","","16072752","","","","","16327619","","","","19074787",
"Tonga","TON","International migrant stock, total","SM.POP.TOTL","","","","","","","","","","","","","","","","","","","","","","","","","","","","","","","2911","","","","","3274","","","","","3684","","","","","4301","","","","","4607","","","","","3954","","","","","3742","","","","3581",
"South Asia (IDA & IBRD)","TSA","International migrant stock, total","SM.POP.TOTL","","","","","","","","","","","","","","","","","","","","","","","","","","","","","","","8598439","","","","","8549144","","","","","8196657","","","","","7822848","","","","","7670710","","","","","7339031","","","","","7696733","","","","8344814",
"Sub-Saharan Africa (IDA & IBRD countries)","TSS","International migrant stock, total","SM.POP.TOTL","","","","","","","","","","","","","","","","","","","","","","","","","","","","","","","15010768","","","","","15428241","","","","","14076421","","","","","15125040","","","","","16107384","","","","","20698560","","","","","23056558","","","","26297963",
"Trinidad and Tobago","TTO","International migrant stock, total","SM.POP.TOTL","","","","","","","","","","","","","","","","","","","","","","","","","","","","","","","50666","","","","","45994","","","","","41753","","","","","44812","","","","","48226","","","","","50021","","","","","78849","","","","113478",
"Tunisia","TUN","International migrant stock, total","SM.POP.TOTL","","","","","","","","","","","","","","","","","","","","","","","","","","","","","","","37984","","","","","37867","","","","","36719","","","","","35040","","","","","43172","","","","","56532","","","","","60145","","","","63201",
"Turkiye","TUR","International migrant stock, total","SM.POP.TOTL","","","","","","","","","","","","","","","","","","","","","","","","","","","","","","","1159415","","","","","1220898","","","","","1279019","","","","","1345188","","","","","1420433","","","","","3750982","","","","","6580295","","","","7083501",
"Tuvalu","TUV","International migrant stock, total","SM.POP.TOTL","","","","","","","","","","","","","","","","","","","","","","","","","","","","","","","318","","","","","263","","","","","218","","","","","209","","","","","220","","","","","230","","","","","239","","","","246",
"Tanzania","TZA","International migrant stock, total","SM.POP.TOTL","","","","","","","","","","","","","","","","","","","","","","","","","","","","","","","574025","","","","","1106043","","","","","949600","","","","","771153","","","","","309847","","","","","384567","","","","","426017","","","","462371",
"Uganda","UGA","International migrant stock, total","SM.POP.TOTL","","","","","","","","","","","","","","","","","","","","","","","","","","","","","","","560570","","","","","666211","","","","","624296","","","","","637596","","","","","515055","","","","","823181","","","","","1776038","","","","2057759",
"Ukraine","UKR","International migrant stock, total","SM.POP.TOTL","","","","","","","","","","","","","","","","","","","","","","","","","","","","","","","6892920","","","","","6172338","","","","","5527087","","","","","5050302","","","","","4818767","","","","","4915142","","","","","4997387","","","","5064173",
"Upper middle income","UMC","International migrant stock, total","SM.POP.TOTL","","","","","","","","","","","","","","","","","","","","","","","","","","","","","","","28811069","","","","","26136086","","","","","25203470","","","","","26352056","","","","","29386717","","","","","34610252","","","","","41867399","","","","47308911",
"Uruguay","URY","International migrant stock, total","SM.POP.TOTL","","","","","","","","","","","","","","","","","","","","","","","","","","","","","","","98116","","","","","93428","","","","","88874","","","","","82317","","","","","76303","","","","","78799","","","","","108267","","","","160064",
"United States","USA","International migrant stock, total","SM.POP.TOTL","","","","","","","","","","","","","","","","","","","","","","","","","","","","","","","23266147","","","","","28525723","","","","","34806848","","","","","39545828","","","","","43947211","","","","","47942986","","","","","50471028","","","","52375047",
"Uzbekistan","UZB","International migrant stock, total","SM.POP.TOTL","","","","","","","","","","","","","","","","","","","","","","","","","","","","","","","1653000","","","","","1512577","","","","","1406498","","","","","1329932","","","","","1220149","","","","","1170873","","","","","1162007","","","","1154963",
"St. Vincent and the Grenadines","VCT","International migrant stock, total","SM.POP.TOTL","","","","","","","","","","","","","","","","","","","","","","","","","","","","","","","3970","","","","","4135","","","","","4307","","","","","4436","","","","","4569","","","","","4637","","","","","4738","","","","4820",
"Venezuela, RB","VEN","International migrant stock, total","SM.POP.TOTL","","","","","","","","","","","","","","","","","","","","","","","","","","","","","","","1025009","","","","","1019996","","","","","1013738","","","","","1076474","","","","","1347347","","","","","1404448","","","","","1324193","","","","1263304",
"British Virgin Islands","VGB","International migrant stock, total","SM.POP.TOTL","","","","","","","","","","","","","","","","","","","","","","","","","","","","","","","8035","","","","","10046","","","","","12958","","","","","15016","","","","","17076","","","","","19535","","","","","22164","","","","24520",
"Virgin Islands (U.S.)","VIR","International migrant stock, total","SM.POP.TOTL","","","","","","","","","","","","","","","","","","","","","","","","","","","","","","","51970","","","","","54241","","","","","56611","","","","","56647","","","","","56684","","","","","56721","","","","","56753","","","","56779",
"Viet Nam","VNM","International migrant stock, total","SM.POP.TOTL","","","","","","","","","","","","","","","","","","","","","","","","","","","","","","","88560","","","","","88376","","","","","86213","","","","","81997","","","","","84408","","","","","101386","","","","","200639","","","","326418",
"Vanuatu","VUT","International migrant stock, total","SM.POP.TOTL","","","","","","","","","","","","","","","","","","","","","","","","","","","","","","","2308","","","","","2461","","","","","2626","","","","","2800","","","","","2991","","","","","3186","","","","","3257","","","","3315",
"World","WLD","International migrant stock, total","SM.POP.TOTL","","","","","","","","","","","","","","","","","","","","","","","","","","","","","","","153647494","","","","","162851419","","","","","174173541","","","","","192340975","","","","","220531436","","","","","249519079","","","","","274711307","","","","303397238",
"Samoa","WSM","International migrant stock, total","SM.POP.TOTL","","","","","","","","","","","","","","","","","","","","","","","","","","","","","","","3357","","","","","4694","","","","","5998","","","","","5746","","","","","5122","","","","","4255","","","","","4021","","","","3843",
"Kosovo","XKX","International migrant stock, total","SM.POP.TOTL","","","","","","","","","","","","","","","","","","","","","","","","","","","","","","","","","","","","","","","","","","","","","","","","","","","","","","","","","","","","","","","","","",
"Yemen, Rep.","YEM","International migrant stock, total","SM.POP.TOTL","","","","","","","","","","","","","","","","","","","","","","","","","","","","","","","118863","","","","","136515","","","","","144940","","","","","171871","","","","","288394","","","","","379882","","","","","387113","","","","392997",
"South Africa","ZAF","International migrant stock, total","SM.POP.TOTL","","","","","","","","","","","","","","","","","","","","","","","","","","","","","","","1285707","","","","","1006597","","","","","997703","","","","","1513855","","","","","2274466","","","","","3162564","","","","","2639076","","","","2631100",
"Zambia","ZMB","International migrant stock, total","SM.POP.TOTL","","","","","","","","","","","","","","","","","","","","","","","","","","","","","","","279463","","","","","244338","","","","","343703","","","","","252895","","","","","149962","","","","","132107","","","","","187955","","","","249205",
"Zimbabwe","ZWE","International migrant stock, total","SM.POP.TOTL","","","","","","","","","","","","","","","","","","","","","","","","","","","","","","","634621","","","","","431226","","","","","410109","","","","","402226","","","","","398307","","","","","400482","","","","","416141","","","","429108",
